CountryId,Country,Capital,NationalitySingular,NationalityPlural
1,"Afghanistan","Kabul ","Afghan","Afghans"
2,"Albania","Tirana ","Albanian","Albanians"
3,"Algeria","Algiers ","Algerian","Algerians"
4,"American Samoa","Pago Pago ","American Samoan","American Samoans"
5,"Andorra","Andorra la Vella ","Andorran","Andorrans"
6,"Angola","Luanda ","Angolan","Angolans"
7,"Anguilla","The Valley ","Anguillan","Anguillans"
8,"Antarctica","","",""
9,"Antigua and Barbuda","Saint John's ","Antiguan and Barbudan","Antiguans and Barbudans"
10,"Argentina","Buenos Aires ","Argentine","Argentines"
11,"Armenia","Yerevan ","Armenian","Armenians"
12,"Aruba","Oranjestad ","Aruban","Arubans"
13,"Ashmore and Cartier","","",""
14,"Australia","Canberra ","Australian","Australians"
15,"Austria","Vienna ","Austrian","Austrians"
16,"Azerbaijan","Baku (Baki) ","Azerbaijani","Azerbaijanis"
18,"Bahrain","Manama ","Bahraini","Bahrainis"
19,"Baker Island","","",""
20,"Bangladesh","Dhaka ","Bangladeshi","Bangladeshis"
21,"Barbados","Bridgetown ","Barbadian","Barbadians"
22,"Bassas da India","","",""
23,"Belarus","Minsk ","Belarusian","Belarusians"
24,"Belgium","Brussels ","Belgian","Belgians"
25,"Belize","Belmopan ","Belizean","Belizeans"
26,"Benin","Porto-Novo  ","Beninese","Beninese"
27,"Bermuda","Hamilton ","Bermudian","Bermudians"
28,"Bhutan","Thimphu ","Bhutanese","Bhutanese"
29,"Bolivia","La Paz /Sucre ","Bolivian","Bolivians"
30,"Bosnia and Herzegovina","Sarajevo ", Europe ","Bosnian and Herzegovinian"
31,"Botswana","Gaborone ","Motswana","Batswana"
32,"Bouvet Island","","",""
33,"Brazil","Brasilia ","Brazilian","Brazilians"
34,"British Indian Ocean Territory","","",""
35,"British Virgin Islands","Road Town ","British Virgin Islander","British Virgin Islanders"
36,"Brunei Darussalam","","",""
37,"Bulgaria","Sofia ","Bulgarian","Bulgarians"
38,"Burkina Faso","Ouagadougou ","Burkinabe","Burkinabe"
39,"Burma","Rangoon ","Burmese","Burmese"
40,"Burundi","Bujumbura ","Burundi","Burundians"
41,"Cambodia","Phnom Penh ","Cambodian","Cambodians"
42,"Cameroon","Yaounde ","Cameroonian","Cameroonians"
43,"Canada","Ottawa ","Canadian","Canadians"
44,"Cape Verde","Praia ","Cape Verdean","Cape Verdeans"
45,"Cayman Islands","George Town ","Caymanian","Caymanians"
46,"Central African Republic","Bangui ","Central African","Central Africans"
47,"Chad","N'Djamena ","Chadian","Chadians"
48,"Chile","Santiago ","Chilean","Chileans"
49,"China","Beijing ","Chinese","Chinese"
50,"Christmas Island","The Settlement ","Christmas Island","Christmas Islanders"
51,"Clipperton Island","","",""
52,"Cocos (Keeling) Islands","West Island ","Cocos Islander","Cocos Islanders"
53,"Colombia","Bogota ", Central America and the Caribbean ","Colombian"
54,"Comoros","Moroni ","Comoran","Comorans"
55,"Congo,"CD","Africa ","Congolese"
56,"Congo,"CG","Africa ","Congolese"
57,"Cook Islands","Avarua ","Cook Islander","Cook Islanders"
58,"Coral Sea Islands","","",""
59,"Costa Rica","San Jose ","Costa Rican","Costa Ricans"
60,"Cote d'Ivoire","Yamoussoukro","Ivorian","Ivorians"
61,"Croatia","Zagreb ","Croatian","Croats"
62,"Cuba","Havana ","Cuban","Cubans"
63,"Cyprus","Nicosia ","Cypriot","Cypriots"
64,"Czech Republic","Prague ","Czech","Czechs"
65,"Denmark","Copenhagen ","Danish","Danes"
66,"Djibouti","Djibouti ","Djiboutian","Djiboutians"
67,"Dominica","Roseau ","Dominican","Dominicans"
68,"Dominican Republic","Santo Domingo ","Dominican","Dominicans"
69,"East Timor","","",""
70,"Ecuador","Quito ","Ecuadorian","Ecuadorians"
71,"Egypt","Cairo ","Egyptian","Egyptians"
72,"El Salvador","San Salvador ","Salvadoran","Salvadorans"
73,"Equatorial Guinea","Malabo ","Equatorial Guinean","Equatorial Guineans"
74,"Eritrea","Asmara ","Eritrean","Eritreans"
75,"Estonia","Tallinn ","Estonian","Estonians"
76,"Ethiopia","Addis Ababa ","Ethiopian","Ethiopians"
77,"Europa Island","","",""
78,"Falkland Islands (Islas Malvinas)","Stanley","Falkland Island","Falkland Islanders"
79,"Faroe Islands","Torshavn ","Faroese","Faroese"
80,"Fiji","Suva ","Fijian","Fijians"
81,"Finland","Helsinki ","Finnish","Finns"
82,"France","Paris ","Frenchman","Frenchmen"
83,"France,"FX","",""
84,"French Guiana","Cayenne ","French Guianese","French Guianese"
85,"French Polynesia","Papeete ","French Polynesian","French Polynesians"
86,"French Southern and Antarctic Lands","","",""
87,"Gabon","Libreville ","Gabonese","Gabonese"
89,"Gaza Strip","","",""
90,"Georgia","T'bilisi ","Georgian","Georgians"
91,"Germany","Berlin ","German","Germans"
92,"Ghana","Accra ","Ghanaian","Ghanaians"
93,"Gibraltar","Gibraltar ","Gibraltar","Gibraltarians"
94,"Glorioso Islands","","",""
95,"Greece","Athens ","Greek","Greeks"
96,"Greenland","Nuuk ","Greenlandic","Greenlanders"
97,"Grenada","Saint George's ","Grenadian","Grenadians"
98,"Guadeloupe","Basse-Terre ","Guadeloupe","Guadeloupians"
99,"Guam","Hagatna","Guamanian","Guamanians"
100,"Guatemala","Guatemala ","Guatemalan","Guatemalans"
101,"Guernsey","Saint Peter Port ","Channel Islander","Channel Islanders"
102,"Guinea","Conakry ","Guinean","Guineans"
103,"Guinea-Bissau","Bissau ","Guinean","Guineans"
104,"Guyana","Georgetown ","Guyanese","Guyanese"
105,"Haiti","Port-au-Prince ","Haitian","Haitians"
106,"Heard Island and McDonald Islands","","",""
107,"Holy See (Vatican City)","Vatican City ","",""
108,"Honduras","Tegucigalpa ","Honduran","Hondurans"
109,"Hong Kong (SAR)","","",""
110,"Howland Island","","",""
111,"Hungary","Budapest ","Hungarian","Hungarians"
112,"Iceland","Reykjavik ","Icelandic","Icelanders"
113,"India","New Delhi ","Indian","Indians"
114,"Indonesia","Jakarta ","Indonesian","Indonesians"
115,"Iran","Tehran ","Iranian","Iranians"
116,"Iraq","Baghdad ","Iraqi","Iraqis"
117,"Ireland","Dublin ","Irish","Irishmen"
118,"Israel","Jerusalem","Israeli","Israelis"
119,"Italy","Rome ","Italian","Italians"
120,"Jamaica","Kingston ","Jamaican","Jamaicans"
121,"Jan Mayen","","",""
122,"Japan","Tokyo ","Japanese","Japanese"
123,"Jarvis Island","","",""
124,"Jersey","Saint Helier ","Channel Islander","Channel Islanders"
125,"Johnston Atoll","","",""
126,"Jordan","Amman ","Jordanian","Jordanians"
127,"Juan de Nova Island","","",""
128,"Kazakhstan","Astana ","Kazakhstani","Kazakhstanis"
129,"Kenya","Nairobi ","Kenyan","Kenyans"
130,"Kingman Reef","","",""
131,"Kiribati","Tarawa ","I-Kiribati","I-Kiribati"
132,"North Korea","P'yongyang ","Korean","Koreans"
133,"South Korea","Seoul ","Korean","Koreans"
134,"Kuwait","Kuwait ","Kuwaiti","Kuwaitis"
135,"Kyrgyzstan","Bishkek ","Kyrgyzstani","Kyrgyzstanis"
136,"Laos","Vientiane ","Lao","Laos"
137,"Latvia","Riga ","Latvian","Latvians"
138,"Lebanon","Beirut ","Lebanese","Lebanese"
139,"Lesotho","Maseru ","Basotho","Mosotho"
140,"Liberia","Monrovia ","Liberian","Liberians"
141,"Libya","Tripoli ","Libyan","Libyans"
142,"Liechtenstein","Vaduz ","Liechtenstein","Liechtensteiners"
143,"Lithuania","Vilnius ","Lithuanian","Lithuanians"
144,"Luxembourg","Luxembourg ","Luxembourg","Luxembourgers"
145,"Macao","","Chinese","Chinese"
146,"Macedonia,"MK","Europe ","Macedonian"
147,"Madagascar","Antananarivo ","Malagasy","Malagasy"
148,"Malawi","Lilongwe ","Malawian","Malawians"
149,"Malaysia","Kuala Lumpur ","Malaysian","Malaysians"
150,"Maldives","Male ","Maldivian","Maldivians"
151,"Mali","Bamako ","Malian","Malians"
152,"Malta","Valletta ","Maltese","Maltese"
153,"Man,"IM","Europe ","Manxman"
154,"Marshall Islands","Majuro ","Marshallese","Marshallese"
155,"Martinique","Fort-de-France ","Martiniquais","Martiniquais"
156,"Mauritania","Nouakchott ","Mauritanian","Mauritanians"
157,"Mauritius","Port Louis ","Mauritian","Mauritians"
158,"Mayotte","Mamoutzou ","Mahorais","Mahorais"
159,"Mexico","Mexico ","Mexican","Mexicans"
160,"Micronesia,"FM","Oceania ","Micronesian"
161,"Midway Islands","","",""
162,"Miscellaneous (French)","","",""
163,"Moldova","Chisinau ","Moldovan","Moldovans"
164,"Monaco","Monaco ","Monegasque","Monegasques"
165,"Mongolia","Ulaanbaatar ","Mongolian","Mongolians"
166,"Montenegro","","",""
167,"Montserrat","Plymouth","Montserratian","Montserratians"
168,"Morocco","Rabat ","Moroccan","Moroccans"
169,"Mozambique","Maputo ","Mozambican","Mozambicans"
170,"Myanmar","","",""
171,"Namibia","Windhoek ","Namibian","Namibians"
172,"Nauru","","Nauruan","Nauruans"
173,"Navassa Island","","",""
174,"Nepal","Kathmandu ","Nepalese","Nepalese"
175,"Netherlands","Amsterdam ","Dutchman","Dutchmen"
176,"Netherlands Antilles","Willemstad ","Dutch Antillean","Dutch Antilleans"
177,"New Caledonia","Noumea ","New Caledonian","New Caledonians"
178,"New Zealand","Wellington ","New Zealand","New Zealanders"
179,"Nicaragua","Managua ","Nicaraguan","Nicaraguans"
180,"Niger","Niamey ","Nigerien","Nigeriens"
181,"Nigeria","Abuja","Nigerian","Nigerians"
182,"Niue","Alofi ","Niuean","Niueans"
183,"Norfolk Island","Kingston ","Norfolk Islander","Norfolk Islanders"
184,"Northern Mariana Islands","Saipan ","",""
185,"Norway","Oslo ","Norwegian","Norwegians"
186,"Oman","Muscat ","Omani","Omanis"
187,"Pakistan","Islamabad ","Pakistani","Pakistanis"
188,"Palau","Koror ","Palauan","Palauans"
275,"Palestinian Territory,"PS","",""
189,"Palmyra Atoll","","",""
190,"Panama","Panama ","Panamanian","Panamanians"
191,"Papua New Guinea","Port Moresby ","Papua New Guinean","Papua New Guineans"
192,"Paracel Islands","","",""
193,"Paraguay","Asuncion ","Paraguayan","Paraguayans"
194,"Peru","Lima ","Peruvian","Peruvians"
195,"Philippines","Manila ","Philippine","Filipinos"
196,"Pitcairn Islands","Adamstown ","Pitcairn Islander","Pitcairn Islanders"
197,"Poland","Warsaw ","Polish","Poles"
198,"Portugal","Lisbon ","Portuguese","Portuguese"
199,"Puerto Rico","San Juan ","Puerto Rican","Puerto Ricans"
200,"Qatar","Doha ","Qatari","Qataris"
201,"R�union","Saint-Denis","Reunionese","Reunionese"
202,"Romania","Bucharest ","Romanian","Romanians"
203,"Russia","Moscow ","Russian","Russians"
204,"Rwanda","Kigali ","Rwandan","Rwandans"
205,"Saint Helena","Jamestown ","Saint Helenian","Saint Helenians"
206,"Saint Kitts and Nevis","Basseterre ","Kittitian and Nevisian","Kittitians and Nevisians"
207,"Saint Lucia","Castries ","Saint Lucian","Saint Lucians"
208,"Saint Pierre and Miquelon","Saint-Pierre ","Frenchman","Frenchmen"
209,"Saint Vincent and the Grenadines","Kingstown ","Saint Vincentian","Saint Vincentians"
210,"Samoa","Apia ","Samoan","Samoans"
211,"San Marino","San Marino ","Sammarinese","Sammarinese"
212,"S�o Tom� and Pr�ncipe","Sao Tome","Sao Tomean","Sao Tomeans"
213,"Saudi Arabia","Riyadh ","Saudi Arabian ","Saudis"
214,"Senegal","Dakar ","Senegalese","Senegalese"
215,"Serbia","","",""
216,"Serbia and Montenegro","","",""
217,"Seychelles","Victoria ","Seychellois","Seychellois"
218,"Sierra Leone","Freetown ","Sierra Leonean","Sierra Leoneans"
219,"Singapore","Singapore ","Singaporeian","Singaporeans"
220,"Slovakia","Bratislava ","Slovakian","Slovaks"
221,"Slovenia","Ljubljana ","Slovenian","Slovenes"
222,"Solomon Islands","Honiara ","Solomon Islander","Solomon Islanders"
223,"Somalia","Mogadishu ","Somali","Somalis"
224,"South Africa","Pretoria","South African","South Africans"
225,"South Georgia and the South Sandwich Islands","","",""
226,"Spain","Madrid ","Spanish","Spaniards"
227,"Spratly Islands","","",""
228,"Sri Lanka","Colombo","Sri Lankan","Sri Lankans"
229,"Sudan","Khartoum ","Sudanese","Sudanese"
230,"Suriname","Paramaribo ","Surinamese","Surinamers"
231,"Svalbard","Longyearbyen ","",""
232,"Swaziland","Mbabane ","Swazi","Swazis"
233,"Sweden","Stockholm ","Swedish","Swedes"
234,"Switzerland","Bern ","Swiss","Swiss"
235,"Syria","Damascus ","Syrian","Syrians"
236,"Taiwan","Taipei ","Taiwanese","Taiwanese"
237,"Tajikistan","Dushanbe ","Tajikistani","Tajikistanis"
238,"Tanzania","Dar es Salaam","Tanzanian","Tanzanians"
239,"Thailand","Bangkok ","Thai","Thai"
17,"The Bahamas","Nassau ","Bahamian","Bahamians"
88,"The Gambia","Banjul ","Gambian","Gambians"
240,"Togo","Lome ","Togolese","Togolese"
241,"Tokelau","","Tokelauan","Tokelauans"
242,"Tonga","Nuku'alofa ","Tongan","Tongans"
243,"Trinidad and Tobago","Port-of-Spain ","Trinidadian and Tobagonian","Trinidadians and Tobagonians"
244,"Tromelin Island","","",""
245,"Tunisia","Tunis ","Tunisian","Tunisians"
246,"Turkey","Ankara ","Turkish","Turks"
247,"Turkmenistan","Ashgabat ","Turkmen","Turkmens"
248,"Turks and Caicos Islands","Cockburn Town ","",""
249,"Tuvalu","Funafuti ","Tuvaluan","Tuvaluans"
250,"Uganda","Kampala ","Ugandan","Ugandans"
251,"Ukraine","Kiev ","Ukrainian","Ukrainians"
252,"United Arab Emirates","Abu Dhabi ","Emirati","Emiratis"
253,"United Kingdom","London ","British","Britons"
254,"United States","Washington,"North America ","American"
255,"United States Minor Outlying Islands","","",""
256,"Uruguay","Montevideo ","Uruguayan","Uruguayans"
257,"Uzbekistan","Tashkent","Uzbekistani","Uzbekistanis"
258,"Vanuatu","Port-Vila ","Ni-Vanuatu","Ni-Vanuatu"
259,"Venezuela","Caracas ", Central America and the Caribbean ","Venezuelan"
260,"Vietnam","Hanoi ","Vietnamese","Vietnamese"
261,"Virgin Islands","Charlotte Amalie ","Virgin Islander","Virgin Islanders"
262,"Virgin Islands (UK)","","",""
263,"Virgin Islands (US)","","",""
264,"Wake Island","","",""
265,"Wallis and Futuna","Mata-Utu","Wallis and Futuna Islander","Wallis and Futuna Islanders"
266,"West Bank","","",""
267,"Western Sahara","","Sahrawian","Sahrawis"
268,"Western Samoa","","",""
270,"Yemen","Sanaa ","Yemeni","Yemenis"
271,"Yugoslavia","Belgrade ","Serbian","Serbs"
272,"Zaire","","",""
273,"Zambia","Lusaka ","Zambian","Zambians"
274,"Zimbabwe","Harare ","Zimbabwean","Zimbabweans"
